activity,trial,n_samples,accX_mean,accX_std,accX_ptp,accY_mean,accY_std,accY_ptp,accZ_mean,accZ_std,accZ_ptp,accMag_mean,accMag_std,accMag_ptp,gyroX_mean,gyroX_std,gyroX_ptp,gyroY_mean,gyroY_std,gyroY_ptp,gyroZ_mean,gyroZ_std,gyroZ_ptp,gyroMag_mean,gyroMag_std,gyroMag_ptp
walking,1,285,0.6666449122807017,0.7110779312026145,4.0462,9.383664912280702,1.2896299974464818,7.917599999999999,2.973331228070175,1.1426240547068023,6.9958,9.958778168589342,1.2762877434322673,7.972944128765754,-0.04534491228070176,0.18109046806409182,1.2664,0.04886771929824562,0.30151215636050294,1.7445,-0.0169880701754386,0.13187445293176156,0.8087,0.32624574636528475,0.19756675105606464,1.2619281436814587
walking,2,283,0.7295985865724383,0.6231223132764222,3.9455999999999998,9.376739575971733,1.2719090171874152,7.587199999999999,2.940816961130742,1.0491803152102956,6.0215,9.92801742909059,1.2806498111782627,7.740484452115153,-0.04602756183745583,0.18649256697124322,1.207,0.047163957597173144,0.26275941219362364,1.3936000000000002,-0.018026148409893993,0.11542712334281642,0.7906,0.293780433995038,0.1876616127924875,0.9873645565064796
walking,3,223,0.4638013452914798,0.6727026342949545,3.4429,9.588948430493273,1.556195877306203,8.8154,2.1982645739910316,1.077888319630193,5.952,9.925879435020569,1.581633502865997,8.747305368033643,-0.046333632286995524,0.2338095262911561,1.2553,0.06594618834080718,0.30180034130229305,1.7283,-0.015421973094170403,0.1243000149002303,0.7831,0.35943835219219905,0.19541447078493343,1.0877006658870785
walking,4,211,0.33120758293838864,0.7285719322851065,4.1084,9.54142701421801,1.8158419847028577,10.2472,2.308461611374408,1.2605498864328863,6.5865,9.921486094983045,1.8572550333877342,10.043740132187784,-0.047761611374407584,0.2547112187318558,1.3517000000000001,0.056483886255924175,0.3354289825142416,2.0291,-0.01948341232227488,0.14271538729638703,0.7674,0.38423932064779626,0.23514730219054608,1.1352343198762223
walking,5,215,0.4847660465116279,0.7840007034439778,4.4771,9.654233488372093,1.7959696052770204,8.5545,1.9532697674418604,1.1595612984757826,6.675000000000001,9.956220487272388,1.8177343508887165,8.537583035242639,-0.043530697674418604,0.25441095276152126,1.251,0.08354046511627906,0.35634348006499206,1.9617,-0.010773488372093023,0.1357679823872798,0.8481,0.407496324725582,0.22878233673748566,1.0949415186247327
running,1,159,0.8526245283018867,1.7440027845073063,13.3429,9.812518238993711,7.748230665418954,52.3444,0.8381213836477986,2.033704224084425,11.4587,10.645042416649666,7.177174401156335,47.25844910703706,-0.029458490566037734,0.3507872703299755,2.2803999999999998,0.1210918238993711,0.790712789394781,4.061999999999999,-0.010127044025157232,0.3610344597118601,2.1751,0.7240447904374411,0.6056385085443272,2.127370518633709
running,2,155,0.38589612903225806,2.0311093055972194,15.7562,9.784592903225805,8.294953070909182,56.0914,0.4668070967741935,2.256103068593751,11.6358,10.825988472442965,7.53576246581491,48.248768222331805,-0.028907741935483865,0.42770536914658447,2.7022,0.09308645161290324,0.8263732118146496,4.6838999999999995,-0.019465806451612902,0.35276857309129933,1.9699,0.7834266080185961,0.618442692263177,2.6670313759634654
running,3,145,0.3460703448275862,2.150805664490897,19.378700000000002,9.790568965517242,8.048862464189144,50.469800000000006,0.6812117241379311,2.1454806172414638,9.3972,10.832724878060048,7.277304791180104,46.311076359132734,-0.035877241379310344,0.377105264876921,2.233,0.13005172413793104,0.7930758359338315,4.1561,-0.008664827586206897,0.3961425075951264,2.4596999999999998,0.7800978494710439,0.5776940843377073,2.38612158210663
running,4,146,-0.23830479452054792,2.629450144181379,19.6253,9.737378767123289,8.710447313746066,49.5624,0.6672424657534246,2.474665411109721,16.0459,11.03325216576692,7.893896167058461,43.01245558859358,-0.02064863013698629,0.4880089764912543,3.0755,0.0583972602739726,0.9142697956854896,5.1287,-0.023366438356164386,0.4565315237485717,2.537,0.9037900719558061,0.6814734217084653,2.724612511815509
running,5,178,-0.2905342696629213,2.0850828357875355,16.9773,9.788194382022473,7.967065735221895,48.9135,1.0041528089887644,2.218572379523408,9.426,10.830022532944817,7.227771342404781,43.76237140447944,-0.06024719101123595,0.38403042328572634,2.65,0.14670224719101124,0.7593884130027474,4.1449,-0.00876741573033708,0.4853293849815991,3.2884,0.7463166385516269,0.6518665965814117,2.513322333769133
down-stairs,1,146,-0.4254623287671233,0.768478107837994,4.3335,9.530188356164386,1.7756731156346386,8.288800000000002,2.168064383561644,0.5628888338512721,3.316,9.826514958326179,1.7888936213888165,8.506462663705268,-0.03734452054794521,0.2305972853358237,1.6534,0.039102054794520544,0.30762933102370704,2.3997,-0.024211643835616442,0.14493943063618414,0.7950999999999999,0.34666861963683454,0.22659300840215849,1.5880467780236474
down-stairs,2,147,-0.4340972789115646,0.7023219803638029,3.7420999999999998,9.48488299319728,2.0471428090722408,10.194500000000001,2.408308163265306,0.5951172814664585,3.6104999999999996,9.828226701895751,2.095511079866433,10.448942270597879,-0.05024013605442178,0.23163118258975102,1.168,0.0353047619047619,0.3073933229222277,1.7805,-0.0247734693877551,0.11950649453695411,0.6366,0.3398485127238309,0.2248368878279612,1.3265019345123352
down-stairs,3,140,-0.34510785714285713,0.6890034491636482,3.4884,9.510215714285714,1.9666971420450743,10.4531,2.311089285714286,0.5751682509794313,3.7948,9.833090370136395,1.9704219357926078,10.505009417307765,-0.039814285714285705,0.21431332054446703,1.2164,0.06062428571428572,0.2335323882984504,1.3496000000000001,-0.019828571428571428,0.13187434682478047,0.8157000000000001,0.3085643551825833,0.16630035191425546,0.9537203800979626
down-stairs,4,136,-0.5142919117647059,0.7339796993918027,4.628,9.52422132352941,1.5853092519621383,8.3869,2.1764558823529416,0.578857919593619,3.5913,9.82687978287946,1.5891363553493267,8.56149221635329,-0.042498529411764706,0.21162676998810695,1.1308,0.034269852941176474,0.21747019389463654,1.4056,-0.028521323529411766,0.12510964163815627,0.6571,0.2855625996846824,0.17147498999023292,0.9744283964220241
down-stairs,5,144,-0.552192361111111,0.6911455795843604,3.2801,9.51622222222222,1.8485134726756953,10.127500000000001,2.2171333333333334,0.5585655295211392,3.2202,9.821302022620419,1.8769765085988759,10.410858545019956,-0.04210833333333333,0.24692712735496727,1.3448,0.03367708333333334,0.2661733037946744,1.2076,-0.02240763888888889,0.1313646220534787,0.7451,0.35339492643318604,0.16355360875296265,0.8574279325724286
up-stairs,1,142,-0.5279845070422536,0.7323394103534558,4.2832,9.537878169014084,1.6343171646367822,7.443600000000001,2.000878169014084,0.9666378905070913,4.659199999999999,9.830087416556436,1.6597341215467576,7.3332982690332615,-0.03809788732394367,0.19441412860119056,1.1514,0.04181619718309859,0.2916564119706475,1.4343,-0.02202323943661972,0.14171125005541552,0.8002,0.3307961322164846,0.1909226113188718,0.7371359719840718
up-stairs,2,136,-0.3435308823529412,0.6816059921396651,4.3024000000000004,9.69275294117647,1.4423580025079392,7.414899999999999,1.3094845588235293,0.9547435275451903,4.4483999999999995,9.856900096728513,1.4387728744480948,7.28304163334984,-0.030008823529411765,0.19963586646899872,1.1756,0.05071544117647059,0.3199617453705125,1.8871,-0.020705882352941175,0.1403084542553013,0.6950000000000001,0.3605894925018633,0.1867049786879234,1.1058687783506307
up-stairs,3,172,-0.4917,0.7290875023492526,4.1085,9.658418023255813,1.3768492737183542,6.8259,1.0871523255813953,1.1830992132349396,6.4811,9.829289802132577,1.3818930777798668,6.775852696795731,-0.05114941860465116,0.1935987233226878,0.8959,0.10577151162790699,0.33834493014786843,2.165,-0.013217441860465114,0.14210705723993536,0.8095,0.3765557387699372,0.20877994463380534,1.1945367054576046
up-stairs,4,139,-0.6251820143884892,0.8453804073196698,5.841799999999999,9.610501438848921,1.7971018568951191,7.8674,1.478291366906475,0.8726131098546176,4.1563,9.81486422085389,1.8171335069201004,7.884479573785352,-0.04043453237410072,0.23486716557565174,1.2486,0.05079280575539569,0.29862939725417115,1.6046999999999998,-0.02234892086330935,0.15786460598022217,0.8454,0.3682904334653632,0.19336780114828597,1.0014923031718446
up-stairs,5,165,-0.7350896969696971,0.6707445753191221,3.7062,9.63184,1.4969606333028724,8.8274,1.2946242424242425,0.8950451162597497,4.8004,9.810144102399418,1.4946890719086898,9.056649205737152,-0.049507878787878795,0.2148453212701932,1.5692,0.1116890909090909,0.32949144628191646,2.9524000000000004,-0.009813939393939394,0.14351295636970174,0.7522,0.3661208460022762,0.23573431756319127,2.208727819437967
